lat,lon,altitude,delta_lat,delta_lon,distance,cumulative_distance,delta_altitude,gradient,color
47.754764,-122.196545,8.5,,,0.0,0.0,,0.0,"[68, 55, 129, 255]"
47.75469,-122.19668,10.2,-7.40000000050145e-05,-0.00013500000000021828,17.109992530533606,0.017109992530533608,1.6999999999999993,9.935714448537995,"[55, 88, 140, 255]"
47.754663,-122.196838,11.9,-2.69999999957804e-05,-0.00015799999999899228,17.81451049009501,0.03492450302062862,1.700000000000001,9.542782558887671,"[42, 117, 142, 255]"
47.754623,-122.196969,13.1,-3.999999999848569e-05,-0.00013099999999610645,15.22279771938077,0.05014730074000939,1.1999999999999993,7.882913654381875,"[35, 137, 141, 255]"
47.754669,-122.19711,13.5,4.5999999997548e-05,-0.0001409999999992806,16.483453686189215,0.0666307544261986,0.40000000000000036,2.42667591158486,"[32, 143, 140, 255]"
47.754771,-122.197247,13.6,0.00010199999999827014,-0.00013700000000937962,18.98265832576983,0.08561341275196845,0.09999999999999964,0.5267966071129514,"[32, 144, 140, 255]"
47.754875,-122.197377,13.6,0.00010400000000032605,-0.0001299999999986312,18.50255744012913,0.10411597019209756,0.0,0.0,"[32, 144, 140, 255]"
47.75498,-122.197518,14.0,0.00010500000000490672,-0.0001409999999992806,19.538349994128154,0.12365432018622571,0.40000000000000036,2.0472557821935427,"[30, 151, 138, 255]"
47.755086,-122.197685,14.3,0.00010599999999527654,-0.00016700000000469117,21.983339150163463,0.1456376593363892,0.3000000000000007,1.3646698436064022,"[30, 155, 137, 255]"
47.755218,-122.197859,14.4,0.00013200000000068712,-0.00017399999998701787,24.273123988439096,0.16991078332482829,0.09999999999999964,0.4119782853151826,"[30, 157, 136, 255]"
47.75535,-122.198035,14.4,0.00013200000000068712,-0.00017600000001039007,24.450580000969616,0.1943613633257979,0.0,0.0,"[30, 157, 136, 255]"
47.755456,-122.198191,14.4,0.00010600000000238197,-0.00015599999998983094,20.96141646047948,0.21532277978627737,0.0,0.0,"[30, 157, 136, 255]"
47.755562,-122.198379,14.5,0.00010599999999527654,-0.0001880000000085147,23.986463800221905,0.2393092435864993,0.09999999999999964,0.41690180275374533,"[30, 159, 136, 255]"
47.755677,-122.198565,14.5,0.00011500000000097543,-0.00018599999999935335,24.30389115691849,0.2636131347434178,0.0,0.0,"[30, 159, 136, 255]"
47.75578,-122.198781,14.6,0.00010300000000285081,-0.0002159999999946649,26.5956811299476,0.2902088158733654,0.09999999999999964,0.3760008984593984,"[31, 161, 135, 255]"
47.755853,-122.198984,14.8,7.300000000043383e-05,-0.00020299999999906504,23.97564736896152,0.3141844632423269,0.20000000000000107,0.8341797696729464,"[32, 164, 133, 255]"
47.755925,-122.199205,14.9,7.199999999585316e-05,-0.00022100000001046283,25.832347402370758,0.3400168106446977,0.09999999999999964,0.3871115483327008,"[33, 166, 133, 255]"
47.755984,-122.199456,15.0,5.9000000000253294e-05,-0.00025099999999156353,28.656194932383812,0.3686730055770815,0.09999999999999964,0.34896468367819333,"[33, 167, 132, 255]"
47.756042,-122.199698,15.2,5.800000000277805e-05,-0.0002420000000000755,27.657314742022947,0.3963303203191044,0.1999999999999993,0.7231360016889717,"[36, 170, 130, 255]"
47.756106,-122.199922,15.2,6.400000000184036e-05,-0.00022400000000288856,25.89133225587679,0.42222165257498123,0.0,0.0,"[36, 170, 130, 255]"
47.756151,-122.200175,15.4,4.500000000007276e-05,-0.00025300000000072487,28.559479459883807,0.45078113203486503,0.20000000000000107,0.7002928757190127,"[39, 173, 128, 255]"
47.756188,-122.200427,15.5,3.6999999998954536e-05,-0.0002520000000032496,28.307301840064294,0.47908843387492933,0.09999999999999964,0.3532657424045489,"[41, 175, 127, 255]"
47.756209,-122.200688,15.7,2.099999999671809e-05,-0.00026099999999473766,29.10102082138648,0.5081894546963158,0.1999999999999993,0.6872611144039948,"[44, 177, 125, 255]"
47.756229,-122.200966,15.8,1.9999999999242846e-05,-0.00027799999999444935,30.976494923830067,0.5391659496201459,0.10000000000000142,0.32282542051932384,"[47, 179, 123, 255]"
47.756258,-122.201243,15.9,2.900000000494174e-05,-0.00027700000001118497,30.95375783115918,0.570119707451305,0.09999999999999964,0.3230625520347517,"[50, 181, 122, 255]"
47.756304,-122.201529,15.9,4.5999999997548e-05,-0.00028599999998846215,32.19426547811656,0.6023139729294216,0.0,0.0,"[50, 181, 122, 255]"
47.756335,-122.20181,15.9,3.0999999999892225e-05,-0.00028100000000108594,31.419527992260132,0.6337335009216817,0.0,0.0,"[50, 181, 122, 255]"
47.75637,-122.20209,16.0,3.499999999689862e-05,-0.0002800000000036107,31.361094236440778,0.6650945951581224,0.09999999999999964,0.31886642489598543,"[53, 183, 120, 255]"
47.756397,-122.202363,16.0,2.7000000002885827e-05,-0.00027300000000707314,30.488974785542474,0.6955835699436649,0.0,0.0,"[53, 183, 120, 255]"
47.756409,-122.202644,16.2,1.1999999998124622e-05,-0.00028100000000108594,31.258522925510853,0.7268420928691758,0.1999999999999993,0.6398254980780756,"[57, 185, 118, 255]"
47.756443,-122.20291,16.4,3.399999999942338e-05,-0.00026599999999632473,29.803493115457403,0.7566455859846332,0.1999999999999993,0.6710622785899901,"[62, 188, 115, 255]"
47.756481,-122.203181,16.7,3.8000000003535206e-05,-0.0002709999999979118,30.41332492793946,0.7870589109125726,0.3000000000000007,0.9864097421469468,"[73, 193, 109, 255]"
47.756506,-122.203455,17.0,2.5000000000829914e-05,-0.0002740000000045484,30.578578533154886,0.8176374894457276,0.3000000000000007,0.9810789591632754,"[83, 197, 103, 255]"
47.756516,-122.203649,17.3,9.999999996068709e-06,-0.00019399999999336615,21.589591069598605,0.839227080515326,0.3000000000000007,1.3895585100842687,"[94, 201, 97, 255]"
47.75653,-122.203731,17.3,1.4000000000180535e-05,-8.200000000613272e-05,9.245268577699923,0.8484723490930259,0.0,0.0,"[94, 201, 97, 255]"
47.756547,-122.203763,17.3,1.699999999971169e-05,-3.199999999026204e-05,4.027159658450838,0.8524995087514768,0.0,0.0,"[94, 201, 97, 255]"
47.75656,-122.203872,17.4,1.3000000002705292e-05,-0.00010900000000901855,12.200004989474518,0.8646995137409513,0.09999999999999787,0.8196717959236269,"[98, 202, 95, 255]"
47.756578,-122.204052,17.5,1.7999999997186933e-05,-0.00018000000000029104,20.10479627980466,0.884804310020756,0.10000000000000142,0.4973937492739072,"[100, 203, 93, 255]"
47.756591,-122.204235,17.7,1.3000000002705292e-05,-0.00018299999999271677,20.389690699914034,0.90519400072067,0.1999999999999993,0.9808878562382631,"[109, 206, 88, 255]"
47.756617,-122.204434,17.5,2.5999999998305157e-05,-0.00019900000000916407,22.30463097434879,0.9274986316950189,-0.1999999999999993,-0.8966747767762094,"[100, 203, 93, 255]"
47.756658,-122.204656,17.2,4.100000000306636e-05,-0.00022199999999372722,25.090106170231113,0.95258873786525,-0.3000000000000007,-1.19569043655919,"[89, 199, 100, 255]"
47.756684,-122.204861,16.9,2.5999999998305157e-05,-0.00020499999999401552,22.96600778221207,0.975554745647462,-0.3000000000000007,-1.306278404348363,"[79, 195, 105, 255]"
47.756703,-122.205076,16.6,1.9000000001767603e-05,-0.00021500000001140052,23.988008607166357,0.9995427542546284,-0.29999999999999716,-1.2506248639179365,"[69, 191, 111, 255]"
47.756707,-122.205319,16.2,3.999999997006398e-06,-0.00024299999999755073,27.01043564902029,1.0265531899036486,-0.40000000000000213,-1.4809091019400522,"[57, 185, 118, 255]"
47.756711,-122.205568,15.7,4.0000000041118255e-06,-0.00024899999999661304,27.67718150021836,1.0542303714038672,-0.5,-1.8065423316173117,"[44, 177, 125, 255]"
47.756697,-122.205834,15.3,-1.4000000000180535e-05,-0.00026599999999632473,29.603891630248604,1.0838342630341158,-0.3999999999999986,-1.351173707146284,"[38, 172, 129, 255]"
47.756682,-122.206139,14.8,-1.5000000004761205e-05,-0.0003049999999973352,33.93836413507486,1.1177726271691906,-0.5,-1.473258987999532,"[32, 164, 133, 255]"
47.756641,-122.206441,14.8,-4.0999999995960934e-05,-0.00030200000000490945,33.871878084830506,1.1516445052540212,0.0,0.0,"[32, 164, 133, 255]"
47.756569,-122.206733,15.3,-7.200000000295859e-05,-0.0002920000000017353,33.42458077444783,1.185069086028469,0.5,1.4959050746935205,"[38, 172, 129, 255]"
47.756475,-122.207029,15.9,-9.399999999715192e-05,-0.00029600000000584714,34.516130597174914,1.2195852166256438,0.5999999999999996,1.7383176781962593,"[50, 181, 122, 255]"
47.7564,-122.207298,16.1,-7.500000000248974e-05,-0.00026899999998875046,31.036647768168557,1.2506218643938123,0.20000000000000107,0.6443994902217589,"[54, 184, 119, 255]"
47.7563,-122.207556,16.3,-9.999999999621423e-05,-0.00025800000000231194,30.752384219933695,1.281374248613746,0.1999999999999993,0.6503560783113502,"[61, 187, 116, 255]"
47.756213,-122.207801,16.1,-8.700000000061436e-05,-0.00024500000000671207,28.894857599192612,1.3102691062129386,-0.1999999999999993,-0.6921646847139602,"[54, 184, 119, 255]"
47.756099,-122.208014,15.7,-0.00011400000000350019,-0.00021300000000223918,26.849903535428293,1.3371190097483667,-0.40000000000000213,-1.4897632666434144,"[44, 177, 125, 255]"
47.75598,-122.208204,15.1,-0.00011899999999798183,-0.00018999999998925432,24.916213716662707,1.3620352234650295,-0.5999999999999996,-2.408070531192907,"[35, 168, 131, 255]"
47.755832,-122.208412,14.4,-0.00014800000000292357,-0.0002080000000006521,28.371590390194342,1.390406813855224,-0.6999999999999993,-2.467256824072612,"[30, 157, 136, 255]"
47.755647,-122.208605,14.2,-0.00018499999999477268,-0.00019300000001010176,29.71259126473872,1.4201194051199626,-0.20000000000000107,-0.6731153073052573,"[30, 154, 137, 255]"
47.75547,-122.208771,14.1,-0.00017700000000075988,-0.00016599999999300508,26.96924722756871,1.4470886523475313,-0.09999999999999964,-0.37079270013060234,"[30, 153, 138, 255]"
47.75529,-122.208888,14.3,-0.00018000000000029104,-0.00011700000000303135,23.859708167905676,1.470948360515437,0.20000000000000107,0.8382332197550779,"[30, 155, 137, 255]"
47.755112,-122.208982,14.6,-0.00017800000000534055,-9.400000000425734e-05,22.371814166050328,1.4933201746814873,0.29999999999999893,1.3409730555300914,"[31, 161, 135, 255]"
47.754902,-122.20912,14.0,-0.0002099999999956026,-0.000137999999992644,27.92753017202441,1.5212477048535118,-0.5999999999999996,-2.148417695027798,"[30, 151, 138, 255]"
47.7547,-122.209166,14.0,-0.0002020000000015898,-4.5999999997548e-05,23.024825181148866,1.5442725300346605,0.0,0.0,"[30, 151, 138, 255]"
47.754495,-122.209195,14.2,-0.00020500000000112095,-2.8999999997836312e-05,23.01033622627259,1.567282866260933,0.1999999999999993,0.8691746093290225,"[30, 154, 137, 255]"
47.754349,-122.209155,14.8,-0.00014600000000086766,3.999999999848569e-05,16.824256913446995,1.5841071231743802,0.6000000000000014,3.5662793494341143,"[32, 164, 133, 255]"
47.754148,-122.209113,15.8,-0.00020099999999700913,4.199999999343618e-05,22.821413348395044,1.6069285365227752,1.0,4.381849558280433,"[47, 179, 123, 255]"
47.753971,-122.209036,17.5,-0.00017700000000075988,7.700000000454565e-05,21.45241816760496,1.62838095469038,1.6999999999999993,7.924514554574314,"[100, 203, 93, 255]"
47.753748,-122.208993,17.3,-0.00022299999999830789,4.299999999091142e-05,25.24054532777693,1.653621500018157,-0.1999999999999993,-0.7923759071080829,"[94, 201, 97, 255]"
47.753583,-122.208897,17.9,-0.00016500000000263526,9.600000001341868e-05,21.215908217588183,1.6748374082357451,0.5999999999999979,2.828066533124386,"[116, 208, 84, 255]"
47.753436,-122.208814,18.1,-0.0001469999999983429,8.299999998939711e-05,18.761764305792248,1.6935991725415374,0.20000000000000284,1.0659978280307978,"[126, 210, 78, 255]"
47.753302,-122.208719,18.4,-0.00013400000000274304,9.500000000173259e-05,18.2555745461776,1.711854747087715,0.29999999999999716,1.6433336526393356,"[139, 213, 70, 255]"
47.753125,-122.208661,18.1,-0.00017700000000075988,5.7999999995672624e-05,20.700813508038163,1.7325555605957532,-0.29999999999999716,-1.4492184081727348,"[126, 210, 78, 255]"
47.752913,-122.208528,18.4,-0.0002119999999976585,0.0001330000000052678,27.81429726330036,1.7603698578590536,0.29999999999999716,1.0785819866670976,"[139, 213, 70, 255]"
47.752755,-122.20844,18.5,-0.00015799999999899228,8.800000000519503e-05,20.099880681800784,1.7804697385408546,0.10000000000000142,0.49751539117615423,"[144, 214, 67, 255]"
47.752565,-122.208405,18.3,-0.00019000000000346517,3.499999999689862e-05,21.47169814010778,1.801941436680962,-0.1999999999999993,-0.9314586983058032,"[134, 212, 73, 255]"
47.752391,-122.208347,18.1,-0.0001739999999941233,5.7999999995672624e-05,20.384237857888603,1.8223256745388507,-0.1999999999999993,-0.9811502465499354,"[126, 210, 78, 255]"
47.75223,-122.208299,18.2,-0.00016100000000562886,4.800000000670934e-05,18.671682768716067,1.8409973573075666,0.09999999999999787,0.5355703673776278,"[129, 211, 76, 255]"
47.752062,-122.208303,18.1,-0.000167999999995061,-4.0000000041118255e-06,18.676643582960732,1.8596740008905275,-0.09999999999999787,-0.5354281113509651,"[126, 210, 78, 255]"
47.751834,-122.208291,18.2,-0.00022799999999989495,1.1999999998124622e-05,25.374764254824917,1.8850487651453522,0.09999999999999787,0.3940923312459277,"[129, 211, 76, 255]"
47.751663,-122.208298,18.4,-0.00017100000000169757,-6.999999996537554e-06,19.020685758895823,1.904069450904248,0.1999999999999993,1.0514867998724016,"[139, 213, 70, 255]"
47.751584,-122.208388,18.0,-7.899999999949614e-05,-9.000000000014552e-05,13.309330285923526,1.9173787811901717,-0.3999999999999986,-3.005410425669986,"[121, 209, 81, 255]"
47.751373,-122.208496,17.4,-0.00021100000000018326,-0.00010799999999733245,26.34369426018726,1.9437224754503588,-0.6000000000000014,-2.2775848902360303,"[98, 202, 95, 255]"
47.75125,-122.208643,16.7,-0.00012300000000209366,-0.0001469999999983429,21.302189301084574,1.9650246647514433,-0.6999999999999993,-3.2860472231572917,"[73, 193, 109, 255]"
47.751127,-122.208784,16.1,-0.00012300000000209366,-0.0001409999999992806,20.79517311810762,1.985819837869551,-0.5999999999999979,-2.8852849485419356,"[54, 184, 119, 255]"
47.750984,-122.208965,15.4,-0.00014299999999423108,-0.00018100000001197714,25.636758614996257,2.0114565964845474,-0.7000000000000011,-2.7304543858775308,"[39, 173, 128, 255]"
47.750839,-122.209164,14.7,-0.00014500000000339242,-0.00019899999999495321,27.365030868798364,2.0388216273533457,-0.7000000000000011,-2.5580091736645607,"[31, 162, 134, 255]"
47.750749,-122.209368,14.3,-9.000000000014552e-05,-0.00020399999999654028,24.780757310335048,2.063602384663681,-0.3999999999999986,-1.6141556732536775,"[30, 155, 137, 255]"
47.750665,-122.209597,12.7,-8.400000000108321e-05,-0.00022900000000447562,27.10903253521055,2.0907114171988916,-1.6000000000000014,-5.902091850462913,"[37, 130, 142, 255]"
47.750622,-122.209813,6.5,-4.299999999801685e-05,-0.0002159999999946649,24.477087437530844,2.1151885046364223,-6.199999999999999,-25.329811056251355,"[70, 9, 92, 255]"
47.750588,-122.210012,6.1,-3.399999999942338e-05,-0.00019900000000916407,22.43714473850369,2.137625649374926,-0.40000000000000036,-1.7827580321018863,"[68, 1, 84, 255]"
47.750523,-122.210222,6.3,-6.49999999993156e-05,-0.0002099999999956026,24.43162850719152,2.162057277882117,0.20000000000000018,0.8186110063892369,"[69, 5, 88, 255]"
47.750478,-122.21044,11.8,-4.500000000007276e-05,-0.00021800000000382624,24.739102032994563,2.186796379915112,5.500000000000001,22.232011463733187,"[43, 115, 142, 255]"
47.750421,-122.210652,16.1,-5.699999999819738e-05,-0.00021199999999055308,24.39823812653158,2.2111946180416435,4.300000000000001,17.62422342834672,"[54, 184, 119, 255]"
47.750389,-122.210906,17.7,-3.2000000004472895e-05,-0.0002539999999982001,28.452452260052773,2.239647070301696,1.5999999999999979,5.623416868873538,"[109, 206, 88, 255]"
47.750316,-122.211128,18.3,-7.300000000043383e-05,-0.00022200000000793807,25.972544661162672,2.265619614962859,0.6000000000000014,2.3101317480731676,"[134, 212, 73, 255]"
47.750278,-122.21135,18.8,-3.799999999642978e-05,-0.00022199999999372722,25.03170055553428,2.290651315518393,0.5,1.9974671672454734,"[157, 217, 58, 255]"
47.750225,-122.211604,19.8,-5.300000000119098e-05,-0.0002539999999982001,28.83730466993388,2.319488620188327,1.0,3.4677304673436145,"[202, 224, 30, 255]"
47.750173,-122.211841,20.6,-5.200000000371574e-05,-0.00023700000001269927,26.966499097924405,2.3464551192862517,0.8000000000000007,2.9666438980267045,"[238, 229, 27, 255]"
47.750147,-122.21207,21.0,-2.5999999998305157e-05,-0.00022899999999026477,25.614344957531017,2.3720694642437827,0.3999999999999986,1.561624943613451,"[253, 231, 36, 255]"
47.750118,-122.213191,20.6,-2.8999999997836312e-05,-0.0011209999999977072,124.62850154479383,2.496697965788577,-0.3999999999999986,-0.320953870937966,"[238, 229, 27, 255]"
47.750076,-122.213476,19.8,-4.2000000000541604e-05,-0.00028500000000519776,32.01671355760342,2.52871467934618,-0.8000000000000007,-2.4986949349459837,"[202, 224, 30, 255]"
47.750035,-122.213709,18.9,-4.100000000306636e-05,-0.0002329999999943766,26.29324197635407,2.5550079213225345,-0.9000000000000021,-3.4229327855780824,"[159, 217, 56, 255]"
47.750059,-122.213989,18.4,2.400000000335467e-05,-0.0002800000000036107,31.233025202984425,2.5862409465255185,-0.5,-1.6008695819584688,"[139, 213, 70, 255]"
47.75011,-122.214238,18.1,5.099999999913507e-05,-0.00024899999999661304,28.24811460379822,2.6144890611293166,-0.29999999999999716,-1.062017781390831,"[126, 210, 78, 255]"
47.75019,-122.214488,18.1,8.000000000407681e-05,-0.00025000000000829914,29.172664387679983,2.6436617255169965,0.0,0.0,"[126, 210, 78, 255]"
47.750271,-122.214751,17.7,8.099999999444663e-05,-0.000263000000003899,30.584435086062154,2.674246160603059,-0.40000000000000213,-1.3078547923950012,"[109, 206, 88, 255]"
47.750373,-122.214972,17.4,0.00010200000000537557,-0.00022099999999625197,27.051561357447145,2.701297721960506,-0.3000000000000007,-1.1089932889119998,"[98, 202, 95, 255]"
47.750483,-122.215212,17.1,0.00010999999999938836,-0.00023999999999091415,29.34153794909478,2.7306392599096005,-0.29999999999999716,-1.0224412930244937,"[85, 198, 102, 255]"
47.750595,-122.215464,16.9,0.00011199999999433885,-0.0002520000000032496,30.648581802621383,2.761287841712222,-0.20000000000000284,-0.6525587424828146,"[79, 195, 105, 255]"
47.75069,-122.215703,16.8,9.500000000173259e-05,-0.00023900000000764976,28.583689008315528,2.7898715307205375,-0.09999999999999787,-0.34984987406945967,"[75, 194, 108, 255]"
47.750787,-122.215943,16.7,9.70000000037885e-05,-0.00023999999999091415,28.76954895993502,2.8186410796804724,-0.10000000000000142,-0.3475897385088073,"[73, 193, 109, 255]"
47.750896,-122.216189,16.9,0.0001089999999948077,-0.0002460000000041873,29.903826885867005,2.8485449065663397,0.1999999999999993,0.6688107203246361,"[79, 195, 105, 255]"
47.751017,-122.216418,17.3,0.00012100000000003774,-0.00022900000000447562,28.78521555369621,2.877330122120036,0.40000000000000213,1.389602239572736,"[94, 201, 97, 255]"
47.751124,-122.216667,17.4,0.00010699999999985721,-0.00024899999999661304,30.12051442466145,2.9074506365446973,0.09999999999999787,0.331999641805991,"[98, 202, 95, 255]"
47.751225,-122.216899,17.3,0.0001010000000007949,-0.00023199999999690135,28.121681056815383,2.9355723176015127,-0.09999999999999787,-0.355597518505255,"[94, 201, 97, 255]"
47.751319,-122.217138,16.9,9.400000000425734e-05,-0.00023900000000764976,28.54282348535703,2.96411514108687,-0.40000000000000213,-1.4014030539242524,"[79, 195, 105, 255]"
47.751411,-122.217379,16.6,9.1999999995096e-05,-0.0002409999999883894,28.669769379010962,2.992784910465881,-0.29999999999999716,-1.0463983718670096,"[69, 191, 111, 255]"
47.751534,-122.217612,16.8,0.00012300000000209366,-0.00023300000000858745,29.28212116505512,3.022067031630936,0.1999999999999993,0.683010629157141,"[75, 194, 108, 255]"
47.75164,-122.21785,16.7,0.00010600000000238197,-0.00023799999999596366,28.955922235908595,3.0510229538668447,-0.10000000000000142,-0.3453524953730888,"[73, 193, 109, 255]"
47.751738,-122.218105,16.7,9.800000000126374e-05,-0.00025499999999567535,30.36129530446166,3.081384249171306,0.0,0.0,"[73, 193, 109, 255]"
47.751856,-122.21837,16.9,0.00011799999999340116,-0.0002649999999988495,32.23969796164445,3.1136239471329508,0.1999999999999993,0.6203532062798452,"[79, 195, 105, 255]"
47.75197,-122.218627,17.2,0.00011400000000350019,-0.0002570000000048367,31.24666610822681,3.1448706132411774,0.3000000000000007,0.9601024280827674,"[89, 199, 100, 255]"
47.75205,-122.218901,16.9,7.999999999697138e-05,-0.0002740000000045484,31.723517406343795,3.1765941306475214,-0.3000000000000007,-0.9456706712478526,"[79, 195, 105, 255]"
47.752142,-122.21915,17.2,9.200000000220143e-05,-0.00024899999999661304,29.502119168094257,3.206096249815616,0.3000000000000007,1.0168761040204957,"[89, 199, 100, 255]"
47.75225,-122.219424,17.9,0.00010799999999733245,-0.0002740000000045484,32.732275185926355,3.2388285250015425,0.6999999999999993,2.1385620034777566,"[116, 208, 84, 255]"
47.752297,-122.219663,17.8,4.700000000212867e-05,-0.0002389999999934389,27.07096011261262,3.265899485114155,-0.09999999999999787,-0.36939953213335386,"[114, 207, 85, 255]"
47.752377,-122.219902,18.6,8.000000000407681e-05,-0.00023900000000764976,28.010776486210865,3.293910261600366,0.8000000000000007,2.8560436387539077,"[146, 215, 65, 255]"
47.752426,-122.220173,18.6,4.899999999707916e-05,-0.0002709999999979118,30.60704297644198,3.324517304576808,0.0,0.0,"[146, 215, 65, 255]"
47.752466,-122.220442,18.7,3.999999999848569e-05,-0.0002690000000029613,30.225108743504357,3.354742413320312,0.09999999999999787,0.3308507534203289,"[151, 216, 62, 255]"
47.752501,-122.220747,18.4,3.500000000400405e-05,-0.0003049999999973352,34.11985400741969,3.388862267327732,-0.3000000000000007,-0.8792534690645594,"[139, 213, 70, 255]"
47.752535,-122.22105,18.3,3.399999999942338e-05,-0.0003030000000023847,33.88646153206514,3.422748728859797,-0.09999999999999787,-0.29510310454035643,"[134, 212, 73, 255]"
47.752545,-122.221365,17.7,9.999999996068709e-06,-0.0003150000000005093,35.026421668667744,3.4577751505284646,-0.6000000000000014,-1.712992567941134,"[109, 206, 88, 255]"
47.752558,-122.221658,17.2,1.3000000002705292e-05,-0.00029299999999921056,32.59576327366691,3.4903709138021313,-0.5,-1.533941683776843,"[89, 199, 100, 255]"
47.752575,-122.221959,17.2,1.699999999971169e-05,-0.00030099999999322335,33.506150624253735,3.523877064426385,0.0,0.0,"[89, 199, 100, 255]"
47.752582,-122.222313,16.9,6.999999996537554e-06,-0.00035400000000151977,39.35089707185666,3.563227961498242,-0.3000000000000007,-0.7623714383237213,"[79, 195, 105, 255]"
47.752593,-122.222533,16.8,1.100000000064938e-05,-0.00021999999999877673,24.481124146692473,3.587709085644934,-0.09999999999999787,-0.40847797429885746,"[75, 194, 108, 255]"
47.752641,-122.222801,17.9,4.7999999999603915e-05,-0.00026800000000548607,30.25921284645289,3.617968298491387,1.0999999999999979,3.6352564938877596,"[116, 208, 84, 255]"
47.752631,-122.223138,16.9,-9.999999996068709e-06,-0.0003370000000018081,37.47032883782621,3.6554386273292137,-1.0,-2.6687782867560594,"[79, 195, 105, 255]"
47.7526,-122.223342,15.2,-3.0999999999892225e-05,-0.00020399999999654028,22.932637891849666,3.6783712652210627,-1.6999999999999993,-7.413015493538948,"[36, 170, 130, 255]"
47.752611,-122.223666,15.5,1.100000000064938e-05,-0.00032399999999199736,36.02978282950454,3.7144010480505676,0.3000000000000007,0.832644485867766,"[41, 175, 127, 255]"
47.752672,-122.223961,17.4,6.099999999520378e-05,-0.0002950000000083719,33.47959765924987,3.7478806457098175,1.8999999999999986,5.6750980681963465,"[98, 202, 95, 255]"
47.752657,-122.224309,18.3,-1.4999999997655777e-05,-0.00034800000000245745,38.712283883799294,3.786592929593617,0.9000000000000021,2.3248434597697374,"[134, 212, 73, 255]"
47.752657,-122.224596,17.6,0.0,-0.00028700000000014825,31.896893000016476,3.8184898225936337,-0.6999999999999993,-2.194571113868795,"[105, 204, 91, 255]"
47.752699,-122.22491,16.9,4.2000000000541604e-05,-0.0003139999999888232,35.20844228092779,3.8536982648745615,-0.7000000000000028,-1.9881595283730822,"[79, 195, 105, 255]"
47.752729,-122.225208,16.1,3.0000000002416982e-05,-0.0002980000000007976,33.28682627122398,3.8869850911457857,-0.7999999999999972,-2.4033531868779767,"[54, 184, 119, 255]"
47.752798,-122.225479,15.0,6.8999999996322e-05,-0.00027100000001212265,31.079599584481947,3.9180646907302674,-1.1000000000000014,-3.5392991373969687,"[33, 167, 132, 255]"
47.752888,-122.225784,12.6,9.000000000014552e-05,-0.0003049999999973352,35.34237674614386,3.9534070674764115,-2.4000000000000004,-6.7907147763113,"[38, 128, 142, 255]"
47.752954,-122.226044,13.0,6.600000000389628e-05,-0.0002599999999972624,29.812609488245833,3.9832196769646577,0.40000000000000036,1.3417141500401286,"[35, 135, 141, 255]"
47.753035,-122.226311,13.9,8.099999999444663e-05,-0.0002669999999938,31.009573511866346,4.014229250476523,0.9000000000000004,2.9023295004544316,"[31, 150, 139, 255]"
47.753103,-122.226573,13.0,6.800000000595219e-05,-0.00026200000000642376,30.08317382868044,4.044312424305204,-0.9000000000000004,-2.9917056129960797,"[35, 135, 141, 255]"
47.753163,-122.226868,12.5,5.999999999772854e-05,-0.00029499999999416104,33.457269496623695,4.077769693801828,-0.5,-1.494443532071429,"[39, 126, 142, 255]"
47.753338,-122.226988,18.7,0.00017499999999870397,-0.00012000000000966793,23.58269018583508,4.101352383987663,6.199999999999999,26.290469624725098,"[151, 216, 62, 255]"
47.75339,-122.227292,17.8,5.200000000371574e-05,-0.00030399999999985994,34.27696851790195,4.135629352505565,-0.8999999999999986,-2.625669768696005,"[114, 207, 85, 255]"
47.753442,-122.227589,16.2,5.199999999661031e-05,-0.00029699999998911153,33.510389773916835,4.169139742279483,-1.6000000000000014,-4.774638584614071,"[57, 185, 118, 255]"
47.75355,-122.227876,16.6,0.00010799999999733245,-0.00028700000000014825,34.08055281417141,4.203220295093654,0.40000000000000213,1.1736898816784267,"[69, 191, 111, 255]"
47.753618,-122.228176,14.7,6.800000000595219e-05,-0.00030000000000995897,34.187483670286554,4.237407778763941,-1.9000000000000021,-5.55758949188575,"[31, 162, 134, 255]"
47.753731,-122.228453,15.1,0.00011299999999891952,-0.0002769999999969741,33.248583675867096,4.270656362439808,0.40000000000000036,1.2030587645462125,"[35, 168, 131, 255]"
47.753822,-122.228748,13.6,9.099999999762076e-05,-0.00029499999999416104,34.31046516600038,4.304966827605808,-1.5,-4.371843962892146,"[32, 144, 140, 255]"
47.753883,-122.229044,12.9,6.100000000230921e-05,-0.00029600000000584714,33.5884417458508,4.33855526935166,-0.6999999999999993,-2.0840502375686145,"[36, 133, 141, 255]"
47.753975,-122.229322,12.8,9.1999999995096e-05,-0.00027799999999444935,32.544566005277176,4.371099835356937,-0.09999999999999964,-0.30727095879473215,"[36, 132, 141, 255]"
47.754067,-122.229606,12.7,9.200000000220143e-05,-0.0002840000000077225,33.17829572034561,4.404278131077283,-0.10000000000000142,-0.3014018587418864,"[37, 130, 142, 255]"
47.754148,-122.229864,12.4,8.100000000155205e-05,-0.00025800000000231194,30.05380224058124,4.434331933317863,-0.29999999999999893,-0.9982098025351115,"[39, 125, 142, 255]"
47.754246,-122.230108,12.4,9.800000000126374e-05,-0.00024399999999502597,29.2234289217918,4.4635553622396555,0.0,0.0,"[39, 125, 142, 255]"
47.754367,-122.230374,12.6,0.00012100000000003774,-0.00026599999999632473,32.47788890241173,4.496033251142068,0.1999999999999993,0.6158035720885411,"[38, 128, 142, 255]"
47.754462,-122.230654,12.5,9.499999999462716e-05,-0.0002800000000036107,32.86126709061583,4.528894518232684,-0.09999999999999964,-0.30430962909691506,"[39, 126, 142, 255]"
47.754558,-122.23095,12.2,9.600000000631326e-05,-0.00029600000000584714,34.58405680085551,4.563478575033539,-0.3000000000000007,-0.867451732824414,"[40, 122, 142, 255]"
47.754654,-122.231234,12.0,9.599999999920783e-05,-0.00028399999999351166,33.31798190985631,4.596796556943395,-0.1999999999999993,-0.6002764529409694,"[42, 119, 142, 255]"
47.75476,-122.231498,12.1,0.00010599999999527654,-0.00026400000000137425,31.617434041043968,4.628413990984439,0.09999999999999964,0.3162812006508349,"[41, 121, 142, 255]"
47.75487,-122.231778,12.0,0.00010999999999938836,-0.0002800000000036107,33.43418755665843,4.6618481785410975,-0.09999999999999964,-0.2990950500308616,"[42, 119, 142, 255]"
47.754967,-122.232064,11.8,9.70000000037885e-05,-0.00028599999998846215,33.564162003383395,4.695412340544481,-0.1999999999999993,-0.5958736582782509,"[43, 115, 142, 255]"
47.755077,-122.232312,11.3,0.00010999999999938836,-0.0002479999999991378,30.152074196113603,4.725564414740595,-0.5,-1.6582607111800176,"[46, 107, 142, 255]"
47.75517,-122.232581,10.3,9.299999999967667e-05,-0.0002690000000029613,31.632666371855944,4.75719708111245,-1.0,-3.161288992349108,"[54, 90, 140, 255]"
47.755286,-122.232842,10.0,0.00011599999999845068,-0.0002610000000089485,31.74317401061958,4.7889402551230695,-0.3000000000000007,-0.9450850752972486,"[57, 85, 139, 255]"
47.75538,-122.23313,9.7,9.400000000425734e-05,-0.0002879999999976235,33.66979804683061,4.8226100531699005,-0.3000000000000007,-0.8910062352697723,"[60, 78, 138, 255]"
47.755475,-122.233405,9.0,9.499999999462716e-05,-0.0002750000000020236,32.335528683226876,4.854945581853127,-0.6999999999999993,-2.1648014691750013,"[65, 65, 134, 255]"
47.755564,-122.233672,8.0,8.900000000267028e-05,-0.0002669999999938,31.279261541177508,4.886224843394304,-1.0,-3.197006421278688,"[71, 44, 123, 255]"
47.755641,-122.23398,7.3,7.699999999744023e-05,-0.00030800000000397176,35.28431338202437,4.921509156776328,-0.7000000000000002,-1.9838844316483595,"[72, 29, 111, 255]"
47.755705,-122.234269,7.3,6.400000000184036e-05,-0.00028899999999509873,32.89733173377402,4.954406488510102,0.0,0.0,"[72, 29, 111, 255]"
47.755763,-122.234552,7.3,5.800000000277805e-05,-0.0002829999999960364,32.106093160733266,4.986512581670836,0.0,0.0,"[72, 29, 111, 255]"
47.755822,-122.234832,7.3,5.9000000000253294e-05,-0.0002800000000036107,31.80226512288308,5.018314846793719,0.0,0.0,"[72, 29, 111, 255]"
47.755869,-122.235122,7.3,4.6999999995023245e-05,-0.00029000000000678483,32.65085266483891,5.0509656994585574,0.0,0.0,"[72, 29, 111, 255]"
47.755904,-122.235415,7.3,3.500000000400405e-05,-0.00029299999999921056,32.795233889187344,5.083760933347745,0.0,0.0,"[72, 29, 111, 255]"
47.755926,-122.235693,7.3,2.200000000129876e-05,-0.00027799999999444935,30.993237898969415,5.114754171246714,0.0,0.0,"[72, 29, 111, 255]"
47.755945,-122.235977,7.3,1.8999999994662176e-05,-0.0002840000000077225,31.63403301773474,5.146388204264449,0.0,0.0,"[72, 29, 111, 255]"
47.755986,-122.236268,7.3,4.100000000306636e-05,-0.0002909999999900492,32.660876123089125,5.179049080387538,0.0,0.0,"[72, 29, 111, 255]"
47.756037,-122.236548,7.4,5.099999999913507e-05,-0.0002800000000036107,31.630909169706246,5.210679989557245,0.10000000000000053,0.3161464612461192,"[72, 32, 113, 255]"
47.756082,-122.236815,7.4,4.500000000007276e-05,-0.00026700000000801083,30.092615937547095,5.240772605494792,0.0,0.0,"[72, 32, 113, 255]"
47.756126,-122.23709,7.4,4.400000000259752e-05,-0.00027499999998781277,30.951962083430352,5.2717245675782225,0.0,0.0,"[72, 32, 113, 255]"
47.756171,-122.237349,7.5,4.500000000007276e-05,-0.0002589999999997872,29.216242642471073,5.300940810220694,0.09999999999999964,0.3422753610850412,"[72, 34, 115, 255]"
47.756208,-122.237634,7.5,3.6999999998954536e-05,-0.00028500000000519776,31.940428229538714,5.332881238450232,0.0,0.0,"[72, 34, 115, 255]"
47.75625,-122.237916,7.6,4.2000000000541604e-05,-0.0002819999999985612,31.686896403087292,5.36456813485332,0.09999999999999964,0.3155878654946356,"[72, 35, 116, 255]"
47.756285,-122.23819,7.7,3.499999999689862e-05,-0.0002740000000045484,30.699521030428578,5.395267655883749,0.10000000000000053,0.3257379810612781,"[71, 38, 118, 255]"
47.756334,-122.238472,7.7,4.9000000004184585e-05,-0.0002819999999985612,31.810808690097254,5.427078464573846,0.0,0.0,"[71, 38, 118, 255]"
47.756382,-122.238732,7.8,4.7999999999603915e-05,-0.0002599999999972624,29.384445412992417,5.456462909986838,0.09999999999999964,0.3403161046414861,"[71, 40, 120, 255]"
47.756436,-122.238987,7.8,5.3999999998666226e-05,-0.00025499999999567535,28.968929856607385,5.485431839843446,0.0,0.0,"[71, 40, 120, 255]"
47.756474,-122.239259,7.9,3.799999999642978e-05,-0.0002720000000095979,30.523391073560763,5.5159552309170055,0.10000000000000053,0.3276175958267629,"[71, 42, 121, 255]"
47.756505,-122.239517,8.0,3.0999999999892225e-05,-0.00025800000000231194,28.880105888226545,5.5448353368052326,0.09999999999999964,0.34625911825609446,"[71, 44, 123, 255]"
47.756554,-122.239789,8.1,4.9000000004184585e-05,-0.00027199999999538704,30.71641497861777,5.57555175178385,0.09999999999999964,0.32555882602058667,"[70, 47, 124, 255]"
47.756602,-122.240062,8.1,4.7999999999603915e-05,-0.0002729999999928623,30.80635957324049,5.60635811135709,0.0,0.0,"[70, 47, 124, 255]"
47.756655,-122.240323,8.2,5.300000000119098e-05,-0.0002610000000089485,29.599301654562503,5.635957413011653,0.09999999999999964,0.33784580854996427,"[70, 49, 126, 255]"
47.756711,-122.240584,8.2,5.600000000072214e-05,-0.00026099999999473766,29.667452236913874,5.665624865248566,0.0,0.0,"[70, 49, 126, 255]"
47.756741,-122.240878,8.2,2.9999999995311555e-05,-0.0002939999999966858,32.8445361921783,5.698469401440745,0.0,0.0,"[70, 49, 126, 255]"
47.756779,-122.241151,8.2,3.8000000003535206e-05,-0.00027300000000707314,30.633464964958726,5.729102866405704,0.0,0.0,"[70, 49, 126, 255]"
47.756831,-122.24143,8.3,5.199999999661031e-05,-0.0002789999999919246,31.541749456235497,5.760644615861939,0.10000000000000142,0.31704011896598333,"[69, 50, 127, 255]"
47.756884,-122.241713,8.3,5.300000000119098e-05,-0.0002830000000102473,31.999155086180913,5.7926437709481196,0.0,0.0,"[69, 50, 127, 255]"
47.756926,-122.241987,8.3,4.2000000000541604e-05,-0.00027399999999033753,30.807762873678417,5.823451533821798,0.0,0.0,"[69, 50, 127, 255]"
47.75697,-122.242271,8.3,4.400000000259752e-05,-0.0002840000000077225,31.94004151144822,5.855391575333246,0.0,0.0,"[69, 50, 127, 255]"
47.757023,-122.242568,8.5,5.2999999994085556e-05,-0.0002970000000033224,33.529735609148645,5.888921310942394,0.1999999999999993,0.5964854669042752,"[68, 55, 129, 255]"
47.757082,-122.242909,8.5,5.9000000000253294e-05,-0.00034099999999170905,38.46148114215219,5.927382792084547,0.0,0.0,"[68, 55, 129, 255]"
47.757143,-122.24328,8.8,6.100000000230921e-05,-0.00037100000000123146,41.78619487182302,5.96916898695637,0.3000000000000007,0.7179404607675696,"[66, 61, 132, 255]"
47.757205,-122.243677,8.9,6.199999999978445e-05,-0.00039700000000664204,44.657000001928296,6.013825986958298,0.09999999999999964,0.22392905926435192,"[66, 64, 133, 255]"
47.757268,-122.244001,8.9,6.300000000436512e-05,-0.00032399999999199736,36.68344687565613,6.0505094338339545,0.0,0.0,"[66, 64, 133, 255]"
47.757292,-122.244352,9.1,2.3999999996249244e-05,-0.00035100000000909404,39.100873637785234,6.089610307471739,0.1999999999999993,0.5114975226710248,"[64, 67, 135, 255]"
47.757353,-122.244662,9.1,6.100000000230921e-05,-0.00030999999999892225,35.11376861082796,6.124724076082567,0.0,0.0,"[64, 67, 135, 255]"
47.757406,-122.244915,9.2,5.300000000119098e-05,-0.00025300000000072487,28.728517867106678,6.153452593949673,0.09999999999999964,0.34808617855812446,"[63, 69, 135, 255]"
47.757458,-122.245173,9.3,5.199999999661031e-05,-0.0002579999999881011,29.250467315768393,6.182703061265442,0.10000000000000142,0.3418748798795883,"[63, 71, 136, 255]"
47.757513,-122.245442,9.4,5.5000000003246896e-05,-0.0002690000000029613,30.514891835708614,6.213217953101151,0.09999999999999964,0.3277088463508147,"[62, 73, 137, 255]"
47.757554,-122.245721,9.4,4.0999999995960934e-05,-0.00027900000000613545,31.340803888202334,6.2445587569893535,0.0,0.0,"[62, 73, 137, 255]"
47.757602,-122.245974,9.5,4.7999999999603915e-05,-0.00025300000000072487,28.619749139213884,6.273178506128567,0.09999999999999964,0.34940907243307306,"[61, 75, 137, 255]"
47.757644,-122.246236,9.5,4.2000000000541604e-05,-0.0002619999999922129,29.49018444104969,6.302668690569617,0.0,0.0,"[61, 75, 137, 255]"
47.757685,-122.2465,9.5,4.100000000306636e-05,-0.00026400000000137425,29.69242239281068,6.3323611129624275,0.0,0.0,"[61, 75, 137, 255]"
47.757739,-122.24678,9.7,5.3999999998666226e-05,-0.0002800000000036107,31.69235327737011,6.364053466239798,0.1999999999999993,0.6310670534611549,"[60, 78, 138, 255]"
47.757783,-122.247036,9.8,4.400000000259752e-05,-0.0002559999999931506,28.86876974451836,6.392922235984316,0.10000000000000142,0.346395086749374,"[59, 81, 138, 255]"
47.757827,-122.247286,9.9,4.399999999549209e-05,-0.00025000000000829914,28.21179836703628,6.421134034351352,0.09999999999999964,0.35446162878026016,"[58, 83, 139, 255]"
47.757877,-122.247553,10.0,5.000000000165983e-05,-0.0002669999999938,30.189943285810003,6.451323977637162,0.09999999999999964,0.33123613069853647,"[57, 85, 139, 255]"
47.757911,-122.24783,10.0,3.399999999942338e-05,-0.0002769999999969741,31.01654341033015,6.482340521047492,0.0,0.0,"[57, 85, 139, 255]"
47.757957,-122.248109,9.9,4.5999999997548e-05,-0.00027900000000613545,31.426406969214575,6.5137669280167065,-0.09999999999999964,-0.31820373260602147,"[58, 83, 139, 255]"
47.757987,-122.248381,10.0,3.0000000002416982e-05,-0.00027199999999538704,30.413121860087937,6.544180049876794,0.09999999999999964,0.3288054427955082,"[57, 85, 139, 255]"
47.758035,-122.248631,9.9,4.7999999999603915e-05,-0.00025000000000829914,28.292243777418385,6.572472293654213,-0.09999999999999964,-0.35345376205126305,"[58, 83, 139, 255]"
47.758079,-122.248928,9.7,4.400000000259752e-05,-0.0002970000000033224,33.36854778273614,6.605840841436949,-0.20000000000000107,-0.5993668088350999,"[60, 78, 138, 255]"
47.758112,-122.249253,9.6,3.299999999484271e-05,-0.0003249999999894726,36.30589809307116,6.64214673953002,-0.09999999999999964,-0.275437340080796,"[60, 77, 138, 255]"
47.758154,-122.249595,9.5,4.2000000000541604e-05,-0.00034200000000339514,38.29508702949941,6.680441826559519,-0.09999999999999964,-0.26113010246710705,"[61, 75, 137, 255]"
47.758194,-122.249914,9.3,4.000000000559112e-05,-0.00031900000000462114,35.73097244433494,6.7161727990038536,-0.1999999999999993,-0.5597384742650877,"[63, 71, 136, 255]"
47.758212,-122.250303,8.9,1.7999999997186933e-05,-0.0003889999999984184,43.27933035903623,6.75945212936289,-0.40000000000000036,-0.9242287176850575,"[66, 64, 133, 255]"
47.758236,-122.250507,8.8,2.3999999996249244e-05,-0.00020399999999654028,22.828718928314235,6.7822808482912045,-0.09999999999999964,-0.4380447291589833,"[66, 61, 132, 255]"
47.758288,-122.250719,8.8,5.200000000371574e-05,-0.00021200000000476393,24.259889748734036,6.8065407380399385,0.0,0.0,"[66, 61, 132, 255]"
47.758295,-122.250961,8.7,6.999999996537554e-06,-0.0002420000000000755,26.906887323055887,6.833447625362995,-0.10000000000000142,-0.37165205621652764,"[67, 59, 131, 255]"
47.758322,-122.251159,8.8,2.7000000002885827e-05,-0.00019799999999747797,22.20917641537123,6.855656801778365,0.10000000000000142,0.4502643327682798,"[66, 61, 132, 255]"
47.758341,-122.251367,9.0,1.9000000001767603e-05,-0.0002080000000006521,23.21315678947621,6.878869958567841,0.1999999999999993,0.8615803607145333,"[65, 65, 134, 255]"
47.758354,-122.251606,9.3,1.2999999995599865e-05,-0.0002389999999934389,26.601485892332008,6.905471444460173,0.3000000000000007,1.1277565516987793,"[63, 71, 136, 255]"
47.758354,-122.25184,9.5,0.0,-0.0002340000000060627,26.0065260006738,6.931477970460847,0.1999999999999993,0.7690377407379113,"[61, 75, 137, 255]"
47.758374,-122.252089,9.7,2.0000000006348273e-05,-0.00024899999999661304,27.762735756586086,6.959240706217433,0.1999999999999993,0.7203901004336498,"[60, 78, 138, 255]"
47.758396,-122.252323,9.8,2.199999999419333e-05,-0.0002340000000060627,26.121211749149975,6.985361917966583,0.10000000000000142,0.38283063190303784,"[59, 81, 138, 255]"
47.758395,-122.252581,9.8,-9.999999974752427e-07,-0.00025800000000231194,28.674077385105832,7.014035995351689,0.0,0.0,"[59, 81, 138, 255]"
47.758392,-122.252819,9.6,-2.9999999995311555e-06,-0.00023799999999596366,26.45318328373443,7.040489178635424,-0.20000000000000107,-0.7560526756073903,"[60, 77, 138, 255]"
47.758402,-122.253076,9.6,9.999999996068709e-06,-0.00025699999999062584,28.58433719445568,7.06907351582988,0.0,0.0,"[60, 77, 138, 255]"
47.758371,-122.253324,9.5,-3.0999999999892225e-05,-0.00024800000001334865,27.77696918200334,7.096850485011882,-0.09999999999999964,-0.3600104797062939,"[61, 75, 137, 255]"
47.758358,-122.253598,9.7,-1.2999999995599865e-05,-0.00027399999999033753,30.48634135070701,7.12733682636259,0.1999999999999993,0.6560314919368345,"[60, 78, 138, 255]"
47.758368,-122.253873,10.7,9.999999996068709e-06,-0.0002750000000020236,30.583425415500816,7.157920251778091,1.0,3.269744923644697,"[51, 97, 141, 255]"
47.75838,-122.254137,11.8,1.200000000523005e-05,-0.00026400000000137425,29.370990996375202,7.1872912427744655,1.1000000000000014,3.745191982578174,"[43, 115, 142, 255]"
47.758387,-122.254402,12.4,6.999999996537554e-06,-0.0002649999999988495,29.4621083231975,7.216753351097664,0.5999999999999996,2.0365141334015777,"[39, 125, 142, 255]"
47.758393,-122.254657,12.5,5.999999999062311e-06,-0.00025499999999567535,28.34828901987207,7.245101640117536,0.09999999999999964,0.3527549755468485,"[39, 126, 142, 255]"
47.758381,-122.254905,12.5,-1.1999999998124622e-05,-0.0002479999999991378,27.594719296980895,7.272696359414517,0.0,0.0,"[39, 126, 142, 255]"
47.758375,-122.255154,12.6,-5.999999999062311e-06,-0.0002490000000108239,27.681643979888882,7.300378003394405,0.09999999999999964,0.3612502208057119,"[38, 128, 142, 255]"
47.758355,-122.255401,12.5,-1.9999999999242846e-05,-0.00024700000000166256,27.54117707025354,7.327919180464659,-0.09999999999999964,-0.3630926875235368,"[39, 126, 142, 255]"
47.758342,-122.255642,12.4,-1.3000000002705292e-05,-0.0002409999999883894,26.823438517087887,7.354742618981747,-0.09999999999999964,-0.3728082808484624,"[39, 125, 142, 255]"
47.758337,-122.255886,12.5,-5.000000001587068e-06,-0.00024400000000923683,27.1236089997617,7.381866227981509,0.09999999999999964,0.36868250091969035,"[39, 126, 142, 255]"
47.758318,-122.256127,12.4,-1.8999999994662176e-05,-0.00024100000000260025,26.867609019167624,7.408733837000677,-0.09999999999999964,-0.37219538191380797,"[39, 125, 142, 255]"
47.758296,-122.256368,12.3,-2.200000000129876e-05,-0.0002409999999883894,26.895867623780905,7.435629704624457,-0.09999999999999964,-0.3718043284522311,"[40, 123, 142, 255]"
47.758282,-122.256584,12.2,-1.4000000000180535e-05,-0.00021600000000887576,24.05639533036726,7.4596860999548245,-0.10000000000000142,-0.4156898763372408,"[40, 122, 142, 255]"
47.758259,-122.256825,12.0,-2.2999999998774e-05,-0.00024100000000260025,26.90619872443141,7.4865922986792555,-0.1999999999999993,-0.7433231354914323,"[42, 119, 142, 255]"
47.758247,-122.257047,12.0,-1.200000000523005e-05,-0.00022199999999372722,24.708876789314747,7.511301175468571,0.0,0.0,"[42, 119, 142, 255]"
47.758232,-122.257271,11.9,-1.4999999997655777e-05,-0.00022400000000288856,24.95089114382163,7.536252066612392,-0.09999999999999964,-0.4007872882117951,"[42, 117, 142, 255]"
47.758219,-122.257506,11.9,-1.3000000002705292e-05,-0.00023500000000353793,26.15759722032744,7.562409663832719,0.0,0.0,"[42, 117, 142, 255]"
47.7582,-122.257749,11.8,-1.8999999994662176e-05,-0.00024299999999755073,27.089205075516734,7.589498868908236,-0.09999999999999964,-0.3691507363218266,"[43, 115, 142, 255]"
47.758188,-122.257981,11.6,-1.200000000523005e-05,-0.00023199999999690135,25.81871637482234,7.615317585283059,-0.20000000000000107,-0.7746318488359678,"[44, 112, 142, 255]"
47.758168,-122.258254,11.5,-1.9999999999242846e-05,-0.0002729999999928623,30.422258557455876,7.645739843840515,-0.09999999999999964,-0.32870669286811277,"[45, 110, 142, 255]"
47.758146,-122.25849,11.6,-2.199999999419333e-05,-0.00023600000000101318,26.342522048895226,7.67208236588941,0.09999999999999964,0.37961437334810366,"[44, 112, 142, 255]"
47.758124,-122.258727,11.6,-2.200000000129876e-05,-0.00023699999999848842,26.45318328402971,7.698535549173439,0.0,0.0,"[44, 112, 142, 255]"
47.758098,-122.258987,11.4,-2.6000000005410584e-05,-0.0002600000000114733,29.04026129437825,7.727575810467817,-0.1999999999999993,-0.6886990374246951,"[46, 109, 142, 255]"
47.75808,-122.259242,11.6,-1.7999999997186933e-05,-0.00025499999999567535,28.4109632188269,7.755986773686644,0.1999999999999993,0.7039536057245206,"[44, 112, 142, 255]"
47.758062,-122.259508,11.8,-1.7999999997186933e-05,-0.00026599999999632473,29.63058284865956,7.785617356535303,0.20000000000000107,0.6749782851775686,"[43, 115, 142, 255]"
47.758035,-122.259777,12.0,-2.7000000002885827e-05,-0.0002690000000029613,30.04660901688398,7.8156639655521865,0.1999999999999993,0.6656325174252243,"[42, 119, 142, 255]"
47.758026,-122.26005,13.6,-8.999999998593466e-06,-0.00027300000000707314,30.357430177259726,7.846021395729446,1.5999999999999996,5.270538351426513,"[32, 144, 140, 255]"
47.758001,-122.260334,10.9,-2.5000000000829914e-05,-0.00028399999999351166,31.68553203724363,7.87770692776669,-2.6999999999999993,-8.521239273578807,"[49, 100, 141, 255]"
47.757987,-122.260596,11.4,-1.4000000000180535e-05,-0.00026200000000642376,29.15995944474682,7.906866887211437,0.5,1.7146800253526253,"[46, 109, 142, 255]"
47.757974,-122.260862,11.6,-1.3000000002705292e-05,-0.00026599999999632473,29.59825837728705,7.936465145588724,0.1999999999999993,0.6757154338292898,"[44, 112, 142, 255]"
47.757962,-122.261124,11.3,-1.1999999998124622e-05,-0.0002619999999922129,29.14894401356576,7.96561408960229,-0.29999999999999893,-1.0291968033572008,"[46, 107, 142, 255]"
47.757949,-122.261386,11.5,-1.2999999995599865e-05,-0.00026200000000642376,29.154240414219966,7.99476833001651,0.1999999999999993,0.6860065539640998,"[45, 110, 142, 255]"
47.757944,-122.261611,11.4,-5.000000001587068e-06,-0.0002250000000003638,25.012448626851153,8.019780778643362,-0.09999999999999964,-0.39980092110073734,"[46, 109, 142, 255]"
47.757916,-122.261768,10.9,-2.800000000036107e-05,-0.00015700000000151704,17.724144433826037,8.037504923077188,-0.5,-2.821010638153929,"[49, 100, 141, 255]"
47.757933,-122.261867,10.7,1.699999999971169e-05,-9.899999999163356e-05,11.163800524387174,8.048668723601574,-0.20000000000000107,-1.79150460063402,"[51, 97, 141, 255]"
47.757924,-122.262041,10.7,-8.999999998593466e-06,-0.00017400000000122873,19.36403728148048,8.068032760883055,0.0,0.0,"[51, 97, 141, 255]"
47.757967,-122.262204,11.1,4.299999999801685e-05,-0.00016300000000057935,18.735411650358905,8.086768172533414,0.40000000000000036,2.1349944557654688,"[48, 103, 141, 255]"
47.757986,-122.262458,11.6,1.9000000001767603e-05,-0.0002539999999982001,28.3081745251094,8.115076347058524,0.5,1.7662742596012297,"[44, 112, 142, 255]"
47.757986,-122.26268,11.3,0.0,-0.00022200000000793807,24.67285800088223,8.139749205059406,-0.29999999999999893,-1.2159110225060745,"[46, 107, 142, 255]"
47.757996,-122.262933,11.5,9.999999996068709e-06,-0.00025300000000072487,28.140122657436095,8.167889327716843,0.1999999999999993,0.7107289560699509,"[45, 110, 142, 255]"
47.757998,-122.26318,11.3,2.0000000020559128e-06,-0.00024700000000166256,27.452232896367814,8.195341560613212,-0.1999999999999993,-0.7285381876038985,"[46, 107, 142, 255]"
47.758,-122.26343,11.4,2.0000000020559128e-06,-0.0002499999999940883,27.78563909711949,8.22312719971033,0.09999999999999964,0.3598981461267398,"[46, 109, 142, 255]"
47.757997,-122.263709,11.2,-2.9999999995311555e-06,-0.00027900000000613545,31.0095735133862,8.254136773223715,-0.20000000000000107,-0.644962111180488,"[47, 105, 141, 255]"
47.757991,-122.263973,10.9,-6.000000006167738e-06,-0.0002639999999871634,29.348272679412812,8.283485045903129,-0.29999999999999893,-1.0222066670739451,"[49, 100, 141, 255]"
47.758007,-122.264231,11.3,1.6000000002236447e-05,-0.00025800000000231194,28.72894781583271,8.312213993718963,0.40000000000000036,1.3923238768234936,"[46, 107, 142, 255]"
47.758015,-122.264504,11.1,8.000000001118224e-06,-0.00027300000000707314,30.35397148732396,8.342567965206287,-0.20000000000000107,-0.6588923630093101,"[48, 103, 141, 255]"
47.758031,-122.264756,11.9,1.6000000002236447e-05,-0.0002520000000032496,28.06342277784508,8.370631387984131,0.8000000000000007,2.850685771058432,"[42, 117, 142, 255]"
47.758024,-122.265008,12.0,-7.000000003642981e-06,-0.00025199999998903877,28.01783109582013,8.398649219079951,0.09999999999999964,0.35691556444181094,"[42, 119, 142, 255]"
47.758008,-122.265233,11.9,-1.6000000002236447e-05,-0.0002250000000003638,25.069421013910695,8.423718640093862,-0.09999999999999964,-0.39889233957382164,"[42, 117, 142, 255]"
47.757973,-122.265475,11.6,-3.499999999689862e-05,-0.0002420000000000755,27.175474110731514,8.45089411420459,-0.3000000000000007,-1.103936581851691,"[44, 112, 142, 255]"
47.757927,-122.265732,10.7,-4.5999999997548e-05,-0.0002570000000048367,29.016645526557443,8.47991075973115,-0.9000000000000004,-3.101667969084423,"[51, 97, 141, 255]"
47.757872,-122.265994,10.5,-5.5000000003246896e-05,-0.00026200000000642376,29.753095566087534,8.509663855297235,-0.1999999999999993,-0.6721989634851929,"[53, 93, 140, 255]"
47.757831,-122.266276,10.5,-4.0999999995960934e-05,-0.0002819999999985612,31.670715145662413,8.5413345704429,0.0,0.0,"[53, 93, 140, 255]"
47.757783,-122.266554,11.2,-4.7999999999603915e-05,-0.00027799999999444935,31.35380698073455,8.572688377423633,0.6999999999999993,2.2325837510899924,"[47, 105, 141, 255]"
47.757735,-122.26684,11.3,-4.800000000670934e-05,-0.000286000000002673,32.230310000416395,8.60491868742405,0.10000000000000142,0.3102669505776069,"[46, 107, 142, 255]"
47.75767,-122.267115,10.6,-6.49999999993156e-05,-0.0002750000000020236,31.40537221709844,8.636324059641149,-0.7000000000000011,-2.228918018105485,"[52, 95, 141, 255]"
47.757629,-122.267378,10.5,-4.0999999995960934e-05,-0.00026299999998968815,29.582604823134858,8.665906664464284,-0.09999999999999964,-0.33803649339829395,"[53, 93, 140, 255]"
47.757588,-122.267669,10.6,-4.100000000306636e-05,-0.0002910000000042601,32.66087612465306,8.698567540588938,0.09999999999999964,0.3061767223216579,"[52, 95, 141, 255]"
47.75756,-122.267944,11.1,-2.800000000036107e-05,-0.0002750000000020236,30.7212401155013,8.729288780704438,0.5,1.6275384656354104,"[48, 103, 141, 255]"
47.757511,-122.26823,11.1,-4.899999999707916e-05,-0.000286000000002673,32.2488916834608,8.7615376723879,0.0,0.0,"[48, 103, 141, 255]"
47.757459,-122.268505,10.6,-5.200000000371574e-05,-0.0002750000000020236,31.104825971143608,8.792642498359044,-0.5,-1.607467601535071,"[52, 95, 141, 255]"
47.757404,-122.268792,10.1,-5.499999999614147e-05,-0.00028700000000014825,32.47731842294376,8.825119816781987,-0.5,-1.539535972424289,"[56, 86, 139, 255]"
47.75737,-122.269045,11.1,-3.399999999942338e-05,-0.00025300000000072487,28.370937341353578,8.85349075412334,1.0,3.524733737092276,"[48, 103, 141, 255]"
47.757313,-122.269291,10.7,-5.699999999819738e-05,-0.00024599999998997646,28.064523108546,8.881555277231886,-0.40000000000000036,-1.4252870018596373,"[51, 97, 141, 255]"
47.757322,-122.269509,15.4,8.999999998593466e-06,-0.00021800000000382624,24.248940593075364,8.905804217824961,4.700000000000001,19.382290050816298,"[39, 173, 128, 255]"
47.757242,-122.269764,14.5,-8.000000000407681e-05,-0.00025499999999567535,29.702404576620378,8.935506622401583,-0.9000000000000004,-3.030057710238101,"[30, 159, 136, 255]"
47.757104,-122.270019,10.9,-0.00013799999999974943,-0.0002550000000098862,32.22436926551973,8.967730991667102,-3.5999999999999996,-11.171669398202999,"[49, 100, 141, 255]"
47.757016,-122.270269,11.7,-8.79999999980896e-05,-0.0002499999999940883,29.45581895815597,8.997186810625259,0.7999999999999989,2.7159319560473074,"[44, 114, 142, 255]"
47.75692,-122.270479,11.4,-9.599999999920783e-05,-0.0002099999999956026,25.662281489020895,9.02284909211428,-0.29999999999999893,-1.1690308990194347,"[46, 109, 142, 255]"
47.7568,-122.270679,12.1,-0.0001200000000025625,-0.0002000000000066393,25.92184650642773,9.048770938620708,0.6999999999999993,2.7004249092610872,"[41, 121, 142, 255]"
47.756661,-122.270874,12.3,-0.00013899999999722468,-0.00019500000000505224,26.614483967660803,9.075385422588369,0.20000000000000107,0.7514705159905434,"[40, 123, 142, 255]"
47.756523,-122.271053,12.9,-0.00013799999999974943,-0.00017899999998860494,25.119626846194237,9.100505049434561,0.5999999999999996,2.388570513701333,"[36, 133, 141, 255]"
47.756375,-122.271209,12.3,-0.00014800000000292357,-0.0001560000000040418,23.89876162794435,9.124403811062505,-0.5999999999999996,-2.5105903366073643,"[40, 123, 142, 255]"
47.756214,-122.271376,11.7,-0.00016099999999852344,-0.00016700000000469117,25.780894450280247,9.150184705512785,-0.6000000000000014,-2.327304823178775,"[44, 114, 142, 255]"
47.756068,-122.271551,11.9,-0.00014600000000086766,-0.00017499999999870397,25.329209619085777,9.175513915131871,0.20000000000000107,0.789602214232928,"[42, 117, 142, 255]"
47.755927,-122.271709,11.4,-0.0001409999999992806,-0.00015799999999899228,23.535503785850977,9.199049418917722,-0.5,-2.1244499567525255,"[46, 109, 142, 255]"
47.755796,-122.271869,12.4,-0.00013100000000321188,-0.00015999999999394277,22.982137109279748,9.222031556027003,1.0,4.351205439446357,"[39, 125, 142, 255]"
47.755661,-122.27206,14.4,-0.00013499999999311285,-0.00019100000000094042,25.994649462997085,9.24802620549,2.0,7.693891017253239,"[30, 157, 136, 255]"
47.755521,-122.27224,12.0,-0.00014000000000180535,-0.00018000000000029104,25.343591314167334,9.273369796804166,-2.4000000000000004,-9.469849676191611,"[42, 119, 142, 255]"
47.755388,-122.272407,10.5,-0.00013299999999816237,-0.00016700000000469117,23.727070290068554,9.297096867094234,-1.5,-6.321893017815416,"[53, 93, 140, 255]"
47.755268,-122.272575,9.9,-0.0001200000000025625,-0.00016800000000216642,22.94529186885387,9.320042158963087,-0.5999999999999996,-2.6149155278972267,"[58, 83, 139, 255]"
47.755136,-122.2728,9.9,-0.00013200000000068712,-0.0002250000000003638,28.991945430084403,9.349034104393173,0.0,0.0,"[58, 83, 139, 255]"
47.755048,-122.272991,10.4,-8.79999999980896e-05,-0.00019100000000094042,23.372243677522903,9.372406348070696,0.5,2.139289692931151,"[54, 91, 140, 255]"
47.75495,-122.273199,11.4,-9.800000000126374e-05,-0.0002080000000006521,25.55423742186486,9.39796058549256,1.0,3.913245320106381,"[46, 109, 142, 255]"
47.754846,-122.273421,12.7,-0.00010400000000032605,-0.00022199999999372722,27.246060760383994,9.425206646252946,1.299999999999999,4.771331942011265,"[37, 130, 142, 255]"
47.75471,-122.273577,10.9,-0.00013599999999769352,-0.0001560000000040418,23.00120886868556,9.44820785512163,-1.799999999999999,-7.825675642859648,"[49, 100, 141, 255]"
47.754585,-122.273774,10.6,-0.00012500000000414957,-0.00019700000000000273,25.92994581760905,9.47413780093924,-0.3000000000000007,-1.1569634665270703,"[52, 95, 141, 255]"
47.75447,-122.274018,12.0,-0.00011500000000097543,-0.00024399999999502597,29.97890834780463,9.504116709287043,1.4000000000000004,4.669949898634394,"[42, 119, 142, 255]"
47.75436,-122.274207,11.4,-0.00010999999999938836,-0.00018900000000598993,24.303891157463774,9.528420600444507,-0.5999999999999996,-2.4687404832116298,"[46, 109, 142, 255]"
47.754265,-122.274394,11.8,-9.500000000173259e-05,-0.0001869999999968286,23.31112375775757,9.551731724202266,0.40000000000000036,1.7159189928237017,"[43, 115, 142, 255]"
47.754146,-122.274596,10.6,-0.00011899999999798183,-0.0002020000000015898,26.05611131674804,9.577787835519013,-1.200000000000001,-4.605445476542308,"[52, 95, 141, 255]"
47.754052,-122.274817,10.6,-9.399999999715192e-05,-0.00022099999999625197,26.691182593063214,9.604479018112077,0.0,0.0,"[52, 95, 141, 255]"
47.753947,-122.275034,10.6,-0.00010500000000490672,-0.000217000000006351,26.792107022019888,9.631271125134097,0.0,0.0,"[52, 95, 141, 255]"
47.753851,-122.275257,11.1,-9.599999999920783e-05,-0.00022299999999120246,26.982983686686712,9.658254108820783,0.5,1.853019687539958,"[48, 103, 141, 255]"
47.753746,-122.275464,10.6,-0.0001049999999978013,-0.00020700000000317686,25.796221405510074,9.684050330226293,-0.5,-1.9382683693868437,"[52, 95, 141, 255]"
47.753658,-122.275676,11.6,-8.79999999980896e-05,-0.00021200000000476393,25.510697997303886,9.709561028223597,1.0,3.9199241044117477,"[44, 112, 142, 255]"
47.753557,-122.275904,10.9,-0.0001010000000007949,-0.00022799999999278953,27.71464398414231,9.737275672207739,-0.6999999999999993,-2.5257405449643278,"[49, 100, 141, 255]"
47.753479,-122.276085,11.0,-7.80000000020209e-05,-0.00018099999999776628,21.9045354784837,9.759180207686223,0.09999999999999964,0.4565264581767882,"[49, 102, 141, 255]"
47.753517,-122.276085,11.3,3.8000000003535206e-05,0.0,4.223282000392899,9.763403489686617,0.3000000000000007,7.103480183707628,"[46, 107, 142, 255]"
47.753508,-122.276144,11.2,-9.000000005698894e-06,-5.900000000735872e-05,6.633052617716412,9.770036542304332,-0.10000000000000142,-1.5076014885349849,"[47, 105, 141, 255]"
47.753481,-122.276278,11.0,-2.69999999957804e-05,-0.00013400000000274304,15.191932982644138,9.785228475286976,-0.1999999999999993,-1.3164881666374328,"[49, 102, 141, 255]"
47.753413,-122.276406,10.8,-6.799999999884676e-05,-0.00012799999998946987,16.1086386365929,9.80133711392357,-0.1999999999999993,-1.2415698465398117,"[50, 98, 141, 255]"
47.753303,-122.276567,10.4,-0.00010999999999938836,-0.00016100000000562886,21.670965083319818,9.82300807900689,-0.40000000000000036,-1.8457876631801742,"[54, 91, 140, 255]"
47.753237,-122.276803,10.4,-6.600000000389628e-05,-0.00023600000000101318,27.235178297432743,9.850243257304323,0.0,0.0,"[54, 91, 140, 255]"
47.753144,-122.277012,10.3,-9.299999999967667e-05,-0.00020899999999812735,25.42388129687359,9.875667138601196,-0.09999999999999964,-0.39333097426118324,"[54, 90, 140, 255]"
47.753053,-122.277227,10.2,-9.099999999762076e-05,-0.00021499999999718966,25.947088954989745,9.901614227556188,-0.10000000000000142,-0.3853996884716849,"[55, 88, 140, 255]"
47.752953,-122.277401,9.4,-0.00010000000000331966,-0.00017400000000122873,22.30435408152584,9.923918581637713,-0.7999999999999989,-3.5867436334442866,"[62, 73, 137, 255]"
47.752868,-122.277644,9.6,-8.499999999855845e-05,-0.00024299999999755073,28.611331977980754,9.952529913615694,0.1999999999999993,0.6990237300169005,"[60, 77, 138, 255]"
47.752755,-122.277914,10.3,-0.00011299999999891952,-0.00027000000000043656,32.52957082736636,9.98505948444306,0.7000000000000011,2.151888211851561,"[54, 90, 140, 255]"
47.752641,-122.278161,10.3,-0.00011400000000350019,-0.00024700000000166256,30.234097988208728,10.015293582431267,0.0,0.0,"[54, 90, 140, 255]"
47.752495,-122.278457,10.1,-0.00014599999999376223,-0.00029600000000584714,36.68125816205641,10.051974840593324,-0.20000000000000107,-0.5452375682328252,"[56, 86, 139, 255]"
47.752415,-122.278683,10.1,-8.000000000407681e-05,-0.00022599999999783904,26.64463362288527,10.07861947421621,0.0,0.0,"[56, 86, 139, 255]"
47.752342,-122.278931,10.0,-7.300000000043383e-05,-0.0002479999999991378,28.731742324298626,10.107351216540508,-0.09999999999999964,-0.34804711413351697,"[57, 85, 139, 255]"
47.752252,-122.27919,9.9,-9.000000000014552e-05,-0.0002589999999997872,30.47337344090842,10.137824589981417,-0.09999999999999964,-0.3281553327002401,"[58, 83, 139, 255]"
47.752144,-122.279438,10.5,-0.00010799999999733245,-0.0002479999999991378,30.062637273042572,10.16788722725446,0.5999999999999996,1.9958328823600078,"[53, 93, 140, 255]"
47.752028,-122.279714,10.0,-0.00011599999999845068,-0.00027599999999949887,33.273464923689794,10.20116069217815,-0.5,-1.5026989258459034,"[57, 85, 139, 255]"
47.75199,-122.279925,10.2,-3.8000000003535206e-05,-0.0002110000000072887,23.82758991381789,10.224988282091967,0.1999999999999993,0.8393631110967587,"[55, 88, 140, 255]"
47.752017,-122.280011,10.3,2.7000000002885827e-05,-8.59999999960337e-05,10.017934079770308,10.235006216171737,0.10000000000000142,0.9982098025773217,"[54, 90, 140, 255]"
47.752007,-122.280092,10.3,-1.0000000003174137e-05,-8.099999999444663e-05,9.070603884243475,10.24407682005598,0.0,0.0,"[54, 90, 140, 255]"
47.751916,-122.280219,10.2,-9.099999999762076e-05,-0.00012700000000620548,17.364023883297623,10.261440843939278,-0.10000000000000142,-0.5759033774204317,"[55, 88, 140, 255]"
47.751805,-122.280327,10.0,-0.00011100000000396903,-0.00010799999999733245,17.212198510008868,10.278653042449287,-0.1999999999999993,-1.1619666127119066,"[57, 85, 139, 255]"
47.751672,-122.280453,9.6,-0.00013299999999816237,-0.00012599999999451938,20.361501964645633,10.299014544413932,-0.40000000000000036,-1.9644916209743952,"[60, 77, 138, 255]"
47.751558,-122.280695,9.6,-0.00011399999999639476,-0.0002420000000000755,29.73046150131306,10.328745005915245,0.0,0.0,"[60, 77, 138, 255]"
47.751399,-122.28086,10.1,-0.00015900000000357295,-0.0001650000000097407,25.466599118652738,10.354211605033898,0.5,1.9633559929632707,"[56, 86, 139, 255]"
47.751304,-122.281029,9.5,-9.500000000173259e-05,-0.00016899999999964166,21.54663920405398,10.375758244237952,-0.5999999999999996,-2.784657014571025,"[61, 75, 137, 255]"
47.751188,-122.281236,10.4,-0.00011599999999845068,-0.00020700000000317686,26.37181170436932,10.402130055942322,0.9000000000000004,3.412734817346231,"[54, 91, 140, 255]"
47.751059,-122.281383,10.2,-0.00012900000000115597,-0.0001469999999983429,21.736129083300828,10.423866185025624,-0.20000000000000107,-0.9201270347334046,"[55, 88, 140, 255]"
47.750898,-122.28154,10.6,-0.00016099999999852344,-0.00015700000000151704,24.992687653051263,10.448858872678676,0.40000000000000036,1.60046812712904,"[52, 95, 141, 255]"
47.750705,-122.281679,9.9,-0.0001929999999958909,-0.00013899999999011925,26.433798440546713,10.475292671119222,-0.6999999999999993,-2.6481249055991576,"[58, 83, 139, 255]"
47.750503,-122.281786,9.9,-0.0002020000000015898,-0.00010699999999985721,25.40516966410122,10.500697840783323,0.0,0.0,"[58, 83, 139, 255]"
47.750391,-122.281868,9.9,-0.00011200000000144428,-8.200000000613272e-05,15.427118079454994,10.516124958862777,0.0,0.0,"[58, 83, 139, 255]"
47.750145,-122.281996,10.3,-0.0002459999999970819,-0.00012800000000368073,30.8197885453292,10.546944747408109,0.40000000000000036,1.2978674380315343,"[54, 90, 140, 255]"
47.749992,-122.282068,10.3,-0.00015300000000451064,-7.199999998874773e-05,18.793010089828282,10.565737757497937,0.0,0.0,"[54, 90, 140, 255]"
47.749813,-122.282152,10.4,-0.00017899999999571037,-8.400000000108321e-05,21.975471498978496,10.587713228996915,0.09999999999999964,0.45505280742052806,"[54, 91, 140, 255]"
47.749668,-122.282247,11.0,-0.00014500000000339242,-9.500000000173259e-05,19.26587432514465,10.60697910332206,0.5999999999999996,3.114314927389078,"[49, 102, 141, 255]"
47.749495,-122.28233,10.5,-0.00017299999999664806,-8.300000000360797e-05,21.32537031794877,10.628304473640007,-0.5,-2.344625169670177,"[53, 93, 140, 255]"
47.749325,-122.282446,11.2,-0.00017000000000422233,-0.00011599999999134525,22.873043431104808,10.651177517071114,0.6999999999999993,3.0603710525381014,"[47, 105, 141, 255]"
47.749118,-122.282509,10.4,-0.00020699999999607144,-6.300000001147055e-05,24.047665009566742,10.675225182080679,-0.7999999999999989,-3.326726314932196,"[54, 91, 140, 255]"
47.748952,-122.282626,11.2,-0.0001660000000001105,-0.00011699999998882049,22.571069537635687,10.697796251618316,0.7999999999999989,3.5443601760477264,"[47, 105, 141, 255]"
47.748779,-122.282694,10.8,-0.00017300000000375348,-6.800000001305762e-05,20.659003294217495,10.718455254912532,-0.3999999999999986,-1.9362018307628595,"[50, 98, 141, 255]"
47.748586,-122.282775,10.7,-0.0001929999999958909,-8.099999999444663e-05,23.262324591543003,10.741717579504076,-0.10000000000000142,-0.4298796519946951,"[51, 97, 141, 255]"
47.748424,-122.282878,10.8,-0.0001620000000031041,-0.00010299999999574538,21.335504093234118,10.763053083597311,0.10000000000000142,0.4687023074918266,"[50, 98, 141, 255]"
47.748254,-122.282973,11.0,-0.0001699999999971169,-9.500000000173259e-05,21.643589059832088,10.784696672657143,0.1999999999999993,0.9240611593904977,"[49, 102, 141, 255]"
47.74813,-122.283048,11.1,-0.0001239999999995689,-7.499999999538431e-05,16.105954663057034,10.8008026273202,0.09999999999999964,0.6208883738470606,"[48, 103, 141, 255]"
47.747998,-122.283112,11.1,-0.00013200000000068712,-6.400000000894579e-05,16.303754167807618,10.817106381488006,0.0,0.0,"[48, 103, 141, 255]"
